feature,importance
dg_y_SPACE_mean_UD,0.025723472517902527
dg_o_SPACE_mean_UD,0.0242916935280159
dg_o_SPACE_mean_DD,0.023974407909190212
dg_o_n_mean_UD,0.02244283506028973
dg_BKSP_BKSP_mean_HT,0.02218985383742651
dg_o_n_mean_DD,0.02125575309419526
dg_o_SPACE_mean_HT,0.021004812047377485
dg_y_SPACE_mean_DD,0.02087202947084903
dg_r_SPACE_mean_HT,0.020428215838544435
dg_BKSP_BKSP_mean_UD,0.020277003943949885
dg_r_SPACE_mean_UD,0.019788215767733625
dg_y_SPACE_mean_HT,0.019734914776386243
dg_BKSP_BKSP_mean_DD,0.01747250164489679
dg_SPACE_SHIFT_mean_HT,0.01735949137098771
dg_r_e_mean_HT,0.0168873794587638
dg_SPACE_i_mean_UD,0.016469693257474757
dg_SPACE_i_mean_HT,0.016458059058023403
dg_o_n_mean_HT,0.01628295781414359
dg_r_SPACE_mean_DD,0.01628046061963468
dg_e_r_mean_UD,0.016023158397827964
dg_SPACE_SHIFT_mean_DD,0.01571942251403765
dg_a_n_mean_HT,0.015595152143115602
dg_o_u_mean_DD,0.015477616295867884
dg_n_SPACE_mean_UD,0.01539017853547746
dg_o_u_mean_HT,0.015220644810187063
dg_r_e_mean_UD,0.014504183550524881
dg_o_u_mean_UD,0.014149278606005051
dg_a_n_mean_UD,0.01414893432648031
overall_HT_median,0.013765059226188463
dg_e_r_mean_DD,0.013668938077961202
dg_r_e_mean_DD,0.013455552676102467
dg_SPACE_i_mean_DD,0.01340585775003155
dg_i_n_mean_UD,0.013402622593737513
dg_SPACE_SHIFT_mean_UD,0.013300031472292147
dg_e_r_mean_HT,0.012928921695117591
dg_n_SPACE_mean_HT,0.012893145624716832
dg_SPACE_w_mean_HT,0.011497038966964497
dg_SPACE_a_mean_HT,0.011408040210274178
dg_i_n_mean_HT,0.011047349384318839
dg_n_SPACE_mean_DD,0.011024556989537674
dg_i_n_mean_DD,0.010920846645763116
dg_d_SPACE_mean_HT,0.010642063007516512
dg_h_e_mean_HT,0.009632830783071233
dg_d_SPACE_mean_UD,0.009501169692732056
dg_unknown_unknown_mean_HT,0.009495216275087037
rollover_rate,0.00913571325127638
overall_DD_median,0.009078642669468553
dg_SPACE_w_mean_DD,0.009030203333020329
overall_HT_mean,0.008807963963814428
dg_a_n_mean_DD,0.008657742262211844
overall_UD_median,0.008518361700162224
dg_SPACE_w_mean_UD,0.008499348002322589
dg_s_SPACE_mean_HT,0.008426311239670506
dg_SPACE_unknown_mean_HT,0.007936146645927036
typing_speed_wpm,0.0077391187006055195
dg_d_SPACE_mean_DD,0.007625670153120512
dg_unknown_SPACE_mean_HT,0.007063638879859222
dg_SPACE_a_mean_UD,0.007025249995500683
dg_SPACE_a_mean_DD,0.0066658612947884536
dg_t_SPACE_mean_HT,0.0065551134140996396
dg_e_SPACE_mean_HT,0.006531012027831196
dg_t_SPACE_mean_UD,0.006458486523897974
dg_SPACE_t_mean_HT,0.005981228843837848
keystrokes_per_sec,0.005867625851091447
dg_s_SPACE_mean_UD,0.005861316248641621
overall_UD_mean,0.005797534908869458
overall_DD_mean,0.005714838205360961
dg_h_e_mean_UD,0.005308350739902443
overall_HT_iqr,0.004976081878541683
dg_s_SPACE_mean_DD,0.004922473188347782
dg_t_h_mean_UD,0.004757749926850632
dg_e_SPACE_mean_UD,0.0043657718706009
dg_SPACE_t_mean_UD,0.004210349990479866
dg_t_SPACE_mean_DD,0.004148597470208067
dg_h_e_mean_DD,0.00405579177650494
overall_HT_std,0.004052057899622501
dg_unknown_SPACE_count,0.004030813343406363
dg_unknown_unknown_mean_UD,0.003999060230079679
dg_SPACE_unknown_mean_UD,0.0039759504022676175
dg_unknown_unknown_count,0.003941237851463301
overall_UD_std,0.0039151680510934195
dg_SPACE_unknown_count,0.003829722367191714
dg_SPACE_unknown_mean_DD,0.0038252259386631357
overall_UD_iqr,0.0036898886540869228
dg_t_h_mean_HT,0.00368768923578629
dg_e_SPACE_mean_DD,0.003397364606525651
dg_SPACE_t_mean_DD,0.003275409170543783
dg_t_h_mean_DD,0.0032409063026379924
dg_unknown_SPACE_mean_UD,0.00315092309248149
dg_unknown_SPACE_mean_DD,0.003095589901798046
overall_DD_std,0.003008008027198285
overall_DD_iqr,0.0029957760172814253
dg_unknown_unknown_mean_DD,0.0028114214222157066
shift_rate,0.002269204177928907
session_duration_sec,0.002063124104757831
shift_count,0.0014455975363789862
backspace_rate,0.0014272605577448554
total_keystrokes,0.0013308367365326606
backspace_count,0.0010749524502785205
dg_BKSP_BKSP_count,0.0007394437110193535
dg_SPACE_t_count,0.0006837009199397601
dg_e_SPACE_count,0.000539781653614905
dg_t_h_count,0.0005161963413804795
dg_o_SPACE_count,0.0004960769388675784
char_length_diff,0.0004773099144621143
dg_d_SPACE_count,0.000444483708647515
dg_r_e_count,0.00043696604170434793
dg_t_SPACE_count,0.00042191975034366354
dg_o_n_count,0.0003750394201970977
dg_SPACE_SHIFT_count,0.0003730963391160249
dg_i_n_count,0.00036912314639223764
dg_o_u_count,0.0003688194419230065
dg_SPACE_i_count,0.00033407436326954776
dg_s_SPACE_count,0.0003270136963780307
dg_n_SPACE_count,0.0003109718535386939
dg_SPACE_a_count,0.0003102383438521747
dg_a_n_count,0.00030998374601418863
dg_r_SPACE_count,0.0003087333016681363
dg_y_SPACE_count,0.00030232935762760006
dg_h_e_count,0.0003014180287913645
dg_e_r_count,0.0002871517592511656
dg_SPACE_w_count,0.00027522015120864674
long_pause_count,1.4930861014420012e-05
long_pause_rate,8.932908275781214e-06
